period,scheme_description,EU14 exl Irl(countries in the EU pre 2004 excluding Ireland),EU15 to EU27(accession countries joined post 2004),Irish nationals,Other nationals,United Kingdom
2015Q2,Back to Work Scheme Family Dividend,0.7679180887372014,17.49146757679181,75.34129692832765,1.621160409556314,4.778156996587031
2015Q3,Back to Work Scheme Family Dividend,0.4628632938643703,9.289558665231432,85.66200215285254,1.2809472551130248,3.3046286329386434
2015Q4,Back to Work Scheme Family Dividend,0.5406379527842855,9.794557577941971,84.78104162912237,1.378626779599928,3.505136060551451
2016Q1,Back to Work Scheme Family Dividend,0.568760611205433,9.770797962648556,84.7113752122241,1.4601018675721562,3.4889643463497455
2016Q2,Back to Work Scheme Family Dividend,0.601218258049205,10.236531919943042,84.08353769480263,1.5663317775492445,3.512380349655882
2016Q3,Back to Work Scheme Family Dividend,0.6159393074438518,10.884098249830993,83.15931795988884,1.705100277923834,3.6355442049124913
2016Q4,Back to Work Scheme Family Dividend,0.6213872832369942,11.57514450867052,82.21098265895954,1.9002890173410405,3.6921965317919074
2017Q1,Back to Work Scheme Family Dividend,0.6576214869167936,11.795652775854908,82.02270524712723,1.903641146338087,3.620379343762979
2017Q2,Back to Work Scheme Family Dividend,0.7053345203040472,11.83318496199411,81.80510853934123,2.054372389235089,3.6019995891255223
2017Q3,Back to Work Scheme Family Dividend,0.7165001722356183,12.283844299001032,81.24009645194626,2.273510161901481,3.4860489149156044
2017Q4,Back to Work Scheme Family Dividend,0.8459342286137252,15.776673363645976,76.11293221951993,3.373162736597229,3.8912974516231364
2018Q1,Back to Work Scheme Family Dividend,0.8914642299977713,16.246935591709384,75.58502340093604,3.4878537998662806,3.788722977490528
2018Q2,Back to Work Scheme Family Dividend,0.8459282652831039,16.862170087976537,74.70110534626664,3.722084367245657,3.8687119332280626
2018Q3,Back to Work Scheme Family Dividend,0.9263547938860583,17.0333487725799,74.3283927744326,3.9138490041685965,3.798054654932839
2018Q4,Back to Work Scheme Family Dividend,0.9119981049390028,17.351652256307,73.89553476252517,4.28757550633661,3.5532393698922187
2019Q1,Back to Work Scheme Family Dividend,0.9724473257698543,16.868220920084777,74.19274404687695,4.612891160703154,3.3536965465652666
2019Q2,Back to Work Scheme Family Dividend,0.9303561935140883,16.626794258373206,74.32216905901117,4.891015417331207,3.2296650717703352
2019Q3,Back to Work Scheme Family Dividend,0.9674705552439709,16.461020751542343,74.11665731912507,5.187885586090858,3.2669657879977567
2019Q4,Back to Work Scheme Family Dividend,0.9589041095890412,16.164383561643834,74.52054794520548,5.12937595129376,3.2267884322678846
2020Q1,Back to Work Scheme Family Dividend,1.0627861347285807,15.94179202092871,74.23152387181165,5.346631785480707,3.41726618705036
2020Q2,Back to Work Scheme Family Dividend,1.1461894228835712,15.52382867484416,74.03981500100542,5.911924391715263,3.378242509551579
2020Q3,Back to Work Scheme Family Dividend,0.906823849467241,15.597370210836544,74.11017909771027,5.894355021537066,3.4912718204488775
2020Q4,Back to Work Scheme Family Dividend,0.8731506184816881,15.619694397283531,74.02376910016977,6.281833616298811,3.2015522677661896
2021Q1,Back to Work Scheme Family Dividend,0.9503695881731784,14.994720168954592,73.97043294614572,6.626187961985217,3.4582893347412877
2021Q2,Back to Work Scheme Family Dividend,1.0309278350515463,15.349369988545247,73.31042382588774,7.0446735395189,3.264604810996564
2021Q3,Back to Work Scheme Family Dividend,1.3635044966637655,15.897882216420076,72.32375979112271,6.904554685233537,3.5102988105599073
2021Q4,Back to Work Scheme Family Dividend,1.457899434692056,16.007140731925023,71.55608449866111,7.28949717346028,3.689378161261529
2022Q1,Back to Work Scheme Family Dividend,1.3850415512465373,16.62049861495845,70.8833487226839,7.540781779008926,3.5703293321021854
2022Q2,Back to Work Scheme Family Dividend,1.5132408575031526,16.92938209331652,70.64943253467844,7.534678436317781,3.373266078184111
2022Q3,Back to Work Scheme Family Dividend,1.3174019607843137,17.310049019607842,70.98651960784314,6.924019607843138,3.462009803921569
2022Q4,Back to Work Scheme Family Dividend,1.4573643410852715,17.3953488372093,70.6046511627907,6.9147286821705425,3.627906976744186
2023Q1,Back to Work Scheme Family Dividend,1.415870925255186,17.648995719459993,70.43134672374053,6.947645702996379,3.5561409285479093
2014Q1,Carers Allowance,0.3087205061659288,1.5452987973470393,92.92826488897936,0.9753532475022475,4.242362560005429
2014Q2,Carers Allowance,0.312711291413117,1.6294793779580798,92.83806626098715,0.9820824881676808,4.237660581473969
2014Q3,Carers Allowance,0.3206734141697565,1.700237164712563,92.71470087183084,1.0087851154090257,4.25560343387781
2014Q4,Carers Allowance,0.3244465564422305,1.7844560604322677,92.56066986743573,1.0569092368951447,4.273518278794632
2015Q1,Carers Allowance,0.32874593096335447,1.909627098978309,92.44206658716601,1.0797047732619975,4.239855609630322
2015Q2,Carers Allowance,0.33126753419663657,1.9828501688037914,92.32378627696501,1.1095084877399313,4.252587532294623
2015Q3,Carers Allowance,0.32780714274511036,2.0578132597205014,92.20791442508273,1.141835406308327,4.264629766143326
2015Q4,Carers Allowance,0.3324519490961946,2.099859287779685,92.1433099843825,1.158169813363022,4.266208965378609
2016Q1,Carers Allowance,0.3365355197944074,2.1691243957657713,92.06235085357646,1.1686960778314874,4.263293153031879
2016Q2,Carers Allowance,0.3415883859948762,2.2652703492291786,91.94570542496292,1.200053935008315,4.24738190480471
2016Q3,Carers Allowance,0.3474066524067242,2.3026457457040728,91.82302358632768,1.2446345770108673,4.282289438550654
2016Q4,Carers Allowance,0.36435951993547216,2.378071675914723,91.66701433796432,1.2738676345835593,4.31668683160193
2017Q1,Carers Allowance,0.3656604233535124,2.475656495889706,91.51532388033424,1.2960630561085607,4.34729614431398
2017Q2,Carers Allowance,0.3670456812288051,2.5400625041558613,91.36245761021344,1.347164040162245,4.383270164239644
2017Q3,Carers Allowance,0.36805155341331797,2.6038665059988473,91.26499711845759,1.3936186933514958,4.3694661287787495
2017Q4,Carers Allowance,0.38207124199144893,2.6654017596070125,91.11489428062742,1.446412558967628,4.391220158806482
2018Q1,Carers Allowance,0.3784622884780684,2.757001552336844,91.02467060951672,1.477927309582152,4.361938240086213
2018Q2,Carers Allowance,0.38363009981954244,2.8128667516373684,90.93926277399896,1.5029718713324836,4.361268503211639
2018Q3,Carers Allowance,0.38015180979863245,2.8894046797566024,90.84373627752336,1.5406812621541937,4.346025970767204
2018Q4,Carers Allowance,0.376594700686948,2.9698233562315997,90.70289499509323,1.5959273797841023,4.354759568204122
2019Q1,Carers Allowance,0.38186730711498046,3.0609426598619036,90.55658961272891,1.646352446712699,4.354247973581507
2019Q2,Carers Allowance,0.39283843626493975,3.1593733631731826,90.42069425265463,1.6665873053664113,4.360506642540831
2019Q3,Carers Allowance,0.39031450570049,3.2162389816231864,90.32755572955594,1.7012492436914974,4.3646415394288836
2019Q4,Carers Allowance,0.3986013986013986,3.264568764568765,90.28438228438227,1.7296037296037297,4.322843822843823
2020Q1,Carers Allowance,0.41704545454545455,3.3363636363636364,90.1659090909091,1.7704545454545455,4.310227272727272
2020Q2,Carers Allowance,0.4256705152971832,3.4289500876050134,90.01639786153916,1.8116267577159801,4.31735477784267
2020Q3,Carers Allowance,0.4302465557982968,3.4720674127245976,89.95496901333095,1.8302198047171074,4.312497213429043
2020Q4,Carers Allowance,0.43227030126593446,3.5276344228309298,89.85267522385426,1.8845661858762297,4.302853866172644
2021Q1,Carers Allowance,0.42910468183858225,3.562006721180476,89.79453329392577,1.9222138298687508,4.2921414731864305
2021Q2,Carers Allowance,0.4331791201117319,3.588730796089386,89.7357280027933,1.9618540502793298,4.280508030726257
2021Q3,Carers Allowance,0.43269490153763146,3.663339627731319,89.62179660102508,1.9973024008632316,4.28486646884273
2021Q4,Carers Allowance,0.4214872478603071,3.728871876478431,89.57679239602598,2.0117414304761083,4.261107049159176
2022Q1,Carers Allowance,0.4315606862136172,3.778030027200103,89.520464329314,2.0325116189415517,4.237433338330727
2022Q2,Carers Allowance,0.43783870794655794,3.801040940065461,89.42748296399635,2.0915383377152974,4.242099050276332
2022Q3,Carers Allowance,0.44574468085106383,3.896808510638298,89.15851063829787,2.2627659574468084,4.236170212765957
2022Q4,Carers Allowance,0.46182037729453757,3.954072175322268,88.97350888156849,2.401254117721827,4.209344448092873
2023Q1,Carers Allowance,0.46492590571344616,4.009067629402628,88.76306620209058,2.5817555938037864,4.181184668989547
2014Q1,Carers Benefit,0.648202710665881,4.3017088980553915,90.80730701237478,1.2374779021803182,3.00530347672363
2014Q2,Carers Benefit,0.5854800936768151,4.039812646370024,90.98360655737704,1.288056206088993,3.1030444964871196
2014Q3,Carers Benefit,0.5208333333333333,3.90625,91.14583333333334,1.3541666666666667,3.0729166666666665
2014Q4,Carers Benefit,0.6082108464267613,4.51089711099848,90.77546882919411,1.1150532184490625,2.9903699949315765
2015Q1,Carers Benefit,0.7755695588948134,4.798836645661657,90.2569074163839,1.0179350460494425,3.1507513330101795
2015Q2,Carers Benefit,0.6827492034592627,4.4606281292671826,91.03322712790168,1.137915339098771,2.6854802002730995
2015Q3,Carers Benefit,0.611353711790393,4.017467248908297,91.26637554585153,1.1353711790393013,2.96943231441048
2015Q4,Carers Benefit,0.7698541329011345,4.578606158833063,91.12641815235008,0.9319286871961102,2.593192868719611
2016Q1,Carers Benefit,0.7071082992184593,4.279866021585412,91.25418682545589,1.0048381094157053,2.7540007443245256
2016Q2,Carers Benefit,0.6099748833871547,4.3057050592034445,91.2091855041263,1.0405453893074992,2.834589163975601
2016Q3,Carers Benefit,0.6789524733268671,4.33236340122858,91.69091496928549,0.937601034594245,2.360168121564824
2016Q4,Carers Benefit,0.8471917163476623,4.80075305930342,90.90053341700659,0.9099466582993411,2.541575149042987
2017Q1,Carers Benefit,0.809464508094645,5.043586550435865,90.94022415940223,0.7471980074719801,2.459526774595268
2017Q2,Carers Benefit,0.7900334244910361,5.226374962017624,91.12731692494683,0.6381039197812215,2.2181707687632937
2017Q3,Carers Benefit,0.78031212484994,5.642256902761105,90.63625450180072,0.4801920768307323,2.460984393757503
2017Q4,Carers Benefit,0.7793017456359103,5.922693266832918,90.2431421446384,0.529925187032419,2.524937655860349
2018Q1,Carers Benefit,0.7929246721561453,5.702958218969198,90.36291552302531,0.7624275693809088,2.3787740164684354
2018Q2,Carers Benefit,0.7840772014475271,6.09167671893848,89.92762364294332,0.9047044632086853,2.2919179734620023
2018Q3,Carers Benefit,0.9849184364419821,5.694059710680209,90.24315173899662,0.9233610341643583,2.154509079716836
2018Q4,Carers Benefit,0.9140767824497258,6.489945155393053,89.00060938452164,1.0664229128580134,2.528945764777575
2019Q1,Carers Benefit,0.9275882704967086,6.912028725314183,88.77917414721723,0.8976660682226212,2.483542788749252
2019Q2,Carers Benefit,1.0033444816053512,6.993006993006993,88.38552751596231,1.124961994527212,2.4931590148981453
2019Q3,Carers Benefit,0.8467631794591642,7.347719202403715,88.00874078120732,1.2018574160065556,2.594919420923245
2019Q4,Carers Benefit,0.7764390896921017,7.791164658634537,87.46987951807229,1.2048192771084338,2.7576974564926373
2020Q1,Carers Benefit,0.8633824276282377,7.948197054342305,87.35398679532757,1.1681056373793803,2.666328085322499
2020Q2,Carers Benefit,0.8321096426823299,7.660303475281449,87.54282917278512,1.1992168379833579,2.7655408712677434
2020Q3,Carers Benefit,0.8086876155268022,7.393715341959335,87.86968576709798,1.1321626617375231,2.7957486136783736
2020Q4,Carers Benefit,0.7731958762886598,7.497656982193064,87.65229615745079,1.0777881911902532,2.999062792877226
2021Q1,Carers Benefit,0.8544979824353193,7.666745786850225,87.56230714455258,1.0918585331117967,2.824590553050083
2021Q2,Carers Benefit,0.935700575815739,7.293666026871401,88.0038387715931,0.9596928982725527,2.8071017274472165
2021Q3,Carers Benefit,0.8511617207269382,7.154359328272372,88.24476650563608,0.9431792040487693,2.80653324131585
2021Q4,Carers Benefit,0.6319883325230918,7.219251336898395,88.40544482255712,1.0452114730189597,2.6981040350024306
2022Q1,Carers Benefit,0.5906965296578882,6.916071868077775,88.67831651489048,0.9844942160964805,2.8304208712773815
2022Q2,Carers Benefit,0.6306760847628659,7.265388496468214,88.26942482341069,1.109989909182644,2.7245206861755804
2022Q3,Carers Benefit,0.6482593037214885,7.44297719087635,87.92316926770708,1.368547418967587,2.617046818727491
2022Q4,Carers Benefit,0.7279786459597185,7.522446008250425,87.50303324435816,1.480223246784761,2.76631885464693
2023Q1,Carers Benefit,0.5527406725011516,7.415937356057116,87.54030400736987,1.5891294334408106,2.901888530631046
2014Q1,Child Benefit,1.3024678591526264,9.247457670596194,82.77901494054404,3.0849441833843962,3.5861153463227406
2014Q2,Child Benefit,1.323697320737978,9.382141135663764,82.6100185279192,3.1233235596024103,3.560819456076661
2014Q3,Child Benefit,1.3518974083784019,9.541835438332209,82.41353449084026,3.1691358782969066,3.523596784152219
2014Q4,Child Benefit,1.3652892244811805,9.658725666094197,82.25875572868195,3.206462816736546,3.510766564006128
2015Q1,Child Benefit,1.385651054806507,9.751930458775364,82.13678953049455,3.250962834277539,3.474666121646047
2015Q2,Child Benefit,1.4126242438628829,9.858578263079162,81.96359071335374,3.314178656262496,3.451028123441724
2015Q3,Child Benefit,1.442403448918358,10.019082130259632,81.74315581169728,3.394145576736506,3.4012130323882213
2015Q4,Child Benefit,1.452890429503873,10.11471359780086,81.56294294227413,3.474178702500282,3.3952743279208537
2016Q1,Child Benefit,1.4882201116324014,10.247803588002695,81.32652477400161,3.56734180112141,3.3701097252418912
2016Q2,Child Benefit,1.5157725486596538,10.387425639629745,81.0492032619653,3.693053685061775,3.3545448646835125
2016Q3,Child Benefit,1.5443343540553744,10.522484090466413,80.81021275508738,3.8051964224703605,3.317772377920473
2016Q4,Child Benefit,1.5625568076735212,10.573063954968013,80.67329837800756,3.8720110272091963,3.3190698321417225
2017Q1,Child Benefit,1.5840113753061065,10.663085551781341,80.50082944940358,3.9516549490481077,3.300418674460858
2017Q2,Child Benefit,1.6045548654244308,10.723596172297126,80.34025778922386,4.046419734383679,3.2851714386709086
2017Q3,Child Benefit,1.6288973262968534,10.787783270052774,80.17113610494225,4.159482930168509,3.252700368539612
2017Q4,Child Benefit,1.6428729003183005,10.834199993697014,80.03340581765465,4.246793356654376,3.2427279316756485
2018Q1,Child Benefit,1.666792604906554,10.912076217822781,79.85397461085084,4.351481033701074,3.215675532718755
2018Q2,Child Benefit,1.6968911510617535,11.008846114017278,79.61863489304015,4.468872285209511,3.206755556671301
2018Q3,Child Benefit,1.7265249097735678,11.063398209869609,79.43391121497545,4.600954715112314,3.1752109502690575
2018Q4,Child Benefit,1.754498253151041,11.102715967666903,79.20125760636422,4.765041790122107,3.176486382695736
2019Q1,Child Benefit,1.752787737893534,11.048977501083574,79.20974033649868,4.857559399503526,3.130935025020686
2019Q2,Child Benefit,1.7828573214174113,11.118836322729829,78.93241047434535,5.001718642584838,3.164177238922567
2019Q3,Child Benefit,1.7993234417811728,11.125869134670378,78.80485218605193,5.134531726862071,3.1354235106344426
2019Q4,Child Benefit,1.812192131673275,11.105721086504175,78.66127386905671,5.28745815798422,3.1333547547816103
2020Q1,Child Benefit,1.837825224594563,11.13522342783806,78.46396764282659,5.434916190253957,3.1280675144868355
2020Q2,Child Benefit,1.8634062244240648,11.129868957855527,78.3319900294697,5.56267835081703,3.1120564374336777
2020Q3,Child Benefit,1.8720149549686858,11.153551260736831,78.18916729004957,5.684474422120165,3.100792072124753
2020Q4,Child Benefit,1.885381375367522,11.105807428645171,78.1009050639111,5.807739610267445,3.1001665218087595
2021Q1,Child Benefit,1.8963414538930123,11.029199348523012,78.06980422897885,5.92091394163878,3.083741026966338
2021Q2,Child Benefit,1.9176767220288167,11.0384065175452,77.89451375534895,6.0791879248387914,3.070215080238237
2021Q3,Child Benefit,1.9271595814288474,11.03684072611331,77.78933676023166,6.197288294098172,3.04937463812801
2021Q4,Child Benefit,1.939839624486603,11.010209270486994,77.65695286524546,6.367142577743008,3.025855662037942
2022Q1,Child Benefit,1.9468652037617555,10.956112852664576,77.59576802507837,6.4935736677115985,3.0076802507836993
2022Q2,Child Benefit,1.9510369071790146,10.820898971257446,76.44891256458524,7.829719845580782,2.949431711397506
2022Q3,Child Benefit,1.9577905553931283,10.776201459370741,75.9941711798256,8.36794582043583,2.9038909849747
2022Q4,Child Benefit,1.9831604361703101,10.727905693565056,75.50291582961678,8.911952005414022,2.87406603523383
2023Q1,Child Benefit,2.0125225654073637,10.626995147011632,75.11212365006776,9.39907198574064,2.8492866517726108
2014Q1,Disability Allowance,0.4127304411629827,1.9994496927451162,92.59194717050353,0.8648995689259836,4.130973126662386
2014Q2,Disability Allowance,0.4161253100496988,2.119695083724776,92.42979021106093,0.8776791473973996,4.156710247767188
2014Q3,Disability Allowance,0.4154693380069927,2.287305498963551,92.19237920696067,0.9163456491374785,4.188500306931309
2014Q4,Disability Allowance,0.4180307670644559,2.391135987608688,92.08381736895835,0.9337487239060795,4.173267152462421
2015Q1,Disability Allowance,0.4165548059685982,2.531371513193789,91.95728797706784,0.9595482848507417,4.135237418919036
2015Q2,Disability Allowance,0.4215628546802864,2.6386079892134524,91.80341858460697,0.9847844823907905,4.151626089108489
2015Q3,Disability Allowance,0.42205799514044784,2.7349694386292365,91.66477497246534,1.010585079997646,4.16761251376733
2015Q4,Disability Allowance,0.4245897153092788,2.8576878104604972,91.50323003308814,1.0440594757312147,4.170432965410866
2016Q1,Disability Allowance,0.42810952400442026,2.9672983260344616,91.37314288053044,1.0674088323169484,4.16404043711374
2016Q2,Disability Allowance,0.4249406214150684,3.1038438545184275,91.21600878964632,1.0898191982679226,4.165387536152268
2016Q3,Disability Allowance,0.42659054483984915,3.175109438415475,91.1404718809055,1.0939854720005102,4.163842663838677
2016Q4,Disability Allowance,0.4392053520309326,3.3050202740327683,90.93511525219014,1.1348752578370707,4.1857838639090845
2017Q1,Disability Allowance,0.4462602620624918,3.4631335164539236,90.71855596334511,1.1733567235263793,4.1986935346121
2017Q2,Disability Allowance,0.444069317395503,3.5487525758301586,90.6106713506855,1.1869729528328428,4.209533803256002
2017Q3,Disability Allowance,0.45533261674429715,3.6441538277797685,90.45219753971098,1.217454914606473,4.230861101158485
2017Q4,Disability Allowance,0.45899655383616333,3.7686421228959586,90.26292680407046,1.2471128231239808,4.262321696073439
2018Q1,Disability Allowance,0.4690704405625936,3.8674676014137566,90.11315869852952,1.2821258708710892,4.268177388623042
2018Q2,Disability Allowance,0.4710332527902428,3.9473305718559426,89.99611667241975,1.3224887814981015,4.263030721435968
2018Q3,Disability Allowance,0.4735439233255827,4.013780978846481,89.87622639369364,1.372426699937617,4.264022004196677
2018Q4,Disability Allowance,0.4675779880827199,4.07570977917981,89.77567472835611,1.409043112513144,4.271994391868209
2019Q1,Disability Allowance,0.48072587526100014,4.169065671455427,89.64947938705717,1.4192859174372385,4.281443148789167
2019Q2,Disability Allowance,0.49116184230467186,4.234462615212928,89.55471666919252,1.4528195307441136,4.266839342545775
2019Q3,Disability Allowance,0.49781058681721296,4.284167444141021,89.4567667508836,1.4941127598864092,4.26714245827176
2019Q4,Disability Allowance,0.5060415854625611,4.344027634037177,89.33347670058198,1.5308934019704037,4.285560677947877
2020Q1,Disability Allowance,0.51308907464982,4.421581560612791,89.21518584563576,1.5677721725411167,4.282371346560513
2020Q2,Disability Allowance,0.5190220255032143,4.511803140478449,89.08604700179154,1.5919749183264835,4.291152913900306
2020Q3,Disability Allowance,0.5255411706478418,4.523431191226654,89.01377998905936,1.63523405142098,4.302013597645159
2020Q4,Disability Allowance,0.5263840269674576,4.55853753403345,88.9725139375081,1.6595358485673537,4.283028652923635
2021Q1,Disability Allowance,0.5334155950154562,4.6227209336700925,88.88181952558145,1.6844364753439887,4.2776074703890075
2021Q2,Disability Allowance,0.5347011436841229,4.650939409075191,88.81289942495614,1.7148858236959057,4.286574198588646
2021Q3,Disability Allowance,0.5407163215986839,4.698110681060263,88.76547067187829,1.729272009641074,4.266430315821691
2021Q4,Disability Allowance,0.5500228646918347,4.762842335247193,88.65339667699811,1.7599461409481227,4.27379198211473
2022Q1,Disability Allowance,0.5518351210425946,4.777713717315965,88.60533335022839,1.7898211445985417,4.275296666814499
2022Q2,Disability Allowance,0.55625007892311,4.802944779078431,88.54478412950967,1.8272278415476506,4.268793170941143
2022Q3,Disability Allowance,0.5630602355186181,4.818967032415196,88.37095437768349,1.9848344088181387,4.2621839455645665
2022Q4,Disability Allowance,0.5670251164649606,4.84531704697316,88.21362109233517,2.1238462787415537,4.250190465485156
2023Q1,Disability Allowance,0.5711695939108354,4.878533335816679,88.06876385241475,2.2567407324629207,4.224792485394821
2014Q1,Family Income Supplement,1.0553106958842884,20.13574192480394,72.53088335712955,2.7727771225195026,3.5052868996627145
2014Q2,Family Income Supplement,1.0449299674596277,20.302362713988316,72.38716979606686,2.79119590921034,3.474341613274855
2014Q3,Family Income Supplement,1.0559864833730128,20.338299669764226,72.38115352123494,2.7705245372859224,3.4540357883419097
2014Q4,Family Income Supplement,1.102239676923362,20.316407624905057,72.36249791593339,2.7694929697486153,3.4493618124895797
2015Q1,Family Income Supplement,1.125936757448364,20.464266130506306,72.26649607018827,2.736245658928898,3.4070553829281667
2015Q2,Family Income Supplement,1.1440879959038825,20.33051430992779,72.49421776514416,2.694256607637847,3.336923321386324
2015Q3,Family Income Supplement,1.1371822578985284,20.35950739254228,72.48807931117285,2.6722925457102673,3.342938492676066
2015Q4,Family Income Supplement,1.1459369817578773,20.286898839137645,72.54394693200663,2.6517412935323383,3.371475953565506
2016Q1,Family Income Supplement,1.129475671557749,20.362028419065282,72.48020933390745,2.6663575237653605,3.3619290517041502
2016Q2,Family Income Supplement,1.129971380637521,20.512187900917795,72.22606006776539,2.713905062666535,3.4178755880127634
2016Q3,Family Income Supplement,1.1189499589827727,20.63822805578343,71.93273174733388,2.828547990155865,3.4815422477440525
2016Q4,Family Income Supplement,1.1261953690069741,20.554683581171826,71.91145774340221,2.9158104237795506,3.4918528826394395
2017Q1,Family Income Supplement,1.095526732451581,20.557519151726456,71.86815295792218,2.9971052505317703,3.481695907368017
2017Q2,Family Income Supplement,1.1568785197103781,20.51810136765889,71.73934030571199,3.1053901850362027,3.4802896218825423
2017Q3,Family Income Supplement,1.1758855236139631,20.561152464065707,71.56378336755647,3.192376796714579,3.5068018480492813
2017Q4,Family Income Supplement,1.1639294257413026,20.438600716017273,71.58567323283404,3.279872850744112,3.5319237746632632
2014Q1,Household Benefits,0.4257583821181479,0.8883612396119048,93.94317763130961,0.6294264543333197,4.113276292627011
2014Q2,Household Benefits,0.4330006948150685,0.8760711732304872,93.93799027258905,0.6243265832217266,4.128611276143675
2014Q3,Household Benefits,0.43834386074528214,0.8932842596479581,93.9373822377991,0.6218820474270484,4.109107594380608
2014Q4,Household Benefits,0.4373122409400311,0.9155036696201089,93.8966422025326,0.6179412100239572,4.132600676883294
2015Q1,Household Benefits,0.4408221378504673,0.9738244742990654,93.88142523364486,0.6206191588785046,4.083308995327103
2015Q2,Household Benefits,0.43894474827589286,1.0117141149285822,93.82979292870716,0.630760034615968,4.088788173472392
2015Q3,Household Benefits,0.43522741065700266,1.0178425898631893,93.81838358967245,0.6355013785091294,4.093045031298226
2015Q4,Household Benefits,0.437793052451137,1.093222190477791,93.74821437574576,0.6487067878930475,4.072063593432264
2016Q1,Household Benefits,0.437497940216854,1.093332893912929,93.74155488910128,0.6393566885278318,4.08825758824111
2016Q2,Household Benefits,0.44399725296663634,1.1219714755721655,93.71855684921661,0.6380464120869468,4.077428010157635
2016Q3,Household Benefits,0.4336581211273548,1.1642353161797454,93.69515787499707,0.6399387409068533,4.067009946788977
2016Q4,Household Benefits,0.4366119516856394,1.210880551128166,93.65175286857074,0.6541625435290029,4.046592085086454
2017Q1,Household Benefits,0.4395007740789927,1.2487985266818793,93.58211473978473,0.678694851457543,4.0508911079968595
2017Q2,Household Benefits,0.44558931159680265,1.2800826600462092,93.52783318743452,0.6881161832871718,4.058378657635291
2017Q3,Household Benefits,0.4550442811908041,1.3210963002313665,93.45183590446166,0.7073806644625095,4.064642849653649
2017Q4,Household Benefits,0.4481926072023668,1.3670214574761113,93.43353623286973,0.7093549154963105,4.041894786955487
2018Q1,Household Benefits,0.4600030666871113,1.4113427422849485,93.36862245748306,0.7220048133654224,4.038026920179468
2018Q2,Household Benefits,0.4531108812089941,1.4464189835125258,93.33691282199028,0.7320490826469009,4.031508230641296
2018Q3,Household Benefits,0.45640055102802773,1.459966783824495,93.32329123376205,0.7325582892382166,4.027783142147206
2018Q4,Household Benefits,0.45887445887445893,1.5139146567717996,93.24118738404452,0.7637600494743352,4.022263450834879
2019Q1,Household Benefits,0.45975868881792314,1.5097481267939907,93.27944630142774,0.7523888812952769,3.9986580016650723
2019Q2,Household Benefits,0.45740698388242235,1.546155975781504,93.25685809550176,0.7637492928247289,3.975829652009581
2019Q3,Household Benefits,0.4699137013831422,1.5805650786144936,93.21255467549355,0.779051897387398,3.957914647121409
2019Q4,Household Benefits,0.4762423901630126,1.6169289825052644,93.1817008164975,0.7958411989832511,3.929286611850976
2020Q1,Household Benefits,0.4791323758201619,1.6352506144168115,93.15855335843611,0.8139613537462514,3.913102297580663
2020Q2,Household Benefits,0.4823961408308734,1.6986325647856355,93.07642461937228,0.8313164263916657,3.9112302486195496
2020Q3,Household Benefits,0.4867853362633584,1.7569404520763598,92.9926552367034,0.8596650530037233,3.903953921953159
2020Q4,Household Benefits,0.48925084106014605,1.8082793140231397,92.92586362517437,0.8959341921719867,3.8806720275703617
2021Q1,Household Benefits,0.49021563503620513,1.8381839580299615,92.92204424408051,0.897648161816042,3.8519080010372826
2021Q2,Household Benefits,0.4949627682873412,1.8737528592981945,92.86903197547088,0.9339562953229182,3.828296101620675
2021Q3,Household Benefits,0.48877246929749635,1.8938746844333085,92.86297287550063,0.9386329556023764,3.815747015166183
2021Q4,Household Benefits,0.4846724603480747,1.93233645708062,92.83928206757278,0.9412085044587144,3.8025005105398106
2022Q1,Household Benefits,0.4928626028834018,1.9643396796615291,92.79371766839103,0.9466161804703749,3.802463868593675
2022Q2,Household Benefits,0.48571086521523493,1.9817516375639204,92.80284243471122,0.9624429204220896,3.7672521420875307
2022Q3,Household Benefits,0.4897620016870979,1.9896843616097097,92.76562349178904,0.9765862707162611,3.778343874197894
2022Q4,Household Benefits,0.504692090249888,2.035816090678064,92.72061942727558,0.9970939567780585,3.7417784350184156
2023Q1,Household Benefits,0.5094812554489974,2.0367573794993152,92.70340328808071,1.0142919417112966,3.7360661352596836
2014Q1,Illness Benefit,0.8091752074182529,7.306002928257686,88.29673011224988,0.8931185944363105,2.694973157637872
2014Q2,Illness Benefit,0.8022153403866276,7.099447221840551,88.49946624671028,0.8835995053533869,2.715271685709152
2014Q3,Illness Benefit,0.8019522053685647,7.369145265149479,88.23301764079852,0.9126775098631521,2.683207378820292
2014Q4,Illness Benefit,0.8405255700115934,7.624844347116665,88.04371162351325,0.8544806561037399,2.6364378032547555
2015Q1,Illness Benefit,0.8554842652001222,7.8173562164838755,87.75351096220909,0.8628591295552956,2.710789426551619
2015Q2,Illness Benefit,0.8862453852630671,7.951380642932706,87.60767719510352,0.8549407370625446,2.6997560396381615
2015Q3,Illness Benefit,0.8418468014206164,8.265006357697198,87.32625948173806,0.8560968123821634,2.710790546761959
2015Q4,Illness Benefit,0.8399343699405636,8.134215644728407,87.44770783757647,0.8681857200291206,2.7099564277254404
2016Q1,Illness Benefit,0.8207671180173345,8.36477113635635,87.19261309593784,0.93084395806393,2.6910046916245416
2016Q2,Illness Benefit,0.8944251137119732,8.429411315568451,87.1170060755462,0.8944251137119732,2.6647323814614032
2016Q3,Illness Benefit,0.8438959306204136,8.581276406493217,87.06137424949966,0.9183900378029799,2.5950633755837225
2016Q4,Illness Benefit,0.8675201348982716,8.615295866521711,87.00938519225222,0.8664107741119568,2.641388032215837
2017Q1,Illness Benefit,0.8753823843849565,8.721010235728727,86.9804071004414,0.8552708181173457,2.567929461327575
2017Q2,Illness Benefit,0.9339714184897671,8.806016231474947,86.63108680310515,0.9427928722653492,2.686132674664785
2017Q3,Illness Benefit,0.9614017434293277,9.117457261919085,86.28006431219853,0.9734329370331076,2.667643745419943
2017Q4,Illness Benefit,0.9458307153756396,9.199129342069833,86.28040570864374,0.9491966609819584,2.6254375729288215
2018Q1,Illness Benefit,1.0252826567649882,9.161834035629354,86.199883182444,0.944970587008219,2.6680295381534482
2018Q2,Illness Benefit,1.020003524850194,9.490659146986253,85.76401127952063,1.0497444483609446,2.6755816002819883
2018Q3,Illness Benefit,0.9834952413287043,9.822905144183908,85.38666257789654,1.1302528831305376,2.6766841534603043
2018Q4,Illness Benefit,1.059659027264377,10.342316911978852,84.75143938884781,1.1145462284651746,2.7320384434437797
2019Q1,Illness Benefit,1.1655060039645886,10.322460120598217,84.50385561425176,1.237117681857337,2.7710605793280956
2019Q2,Illness Benefit,1.0980740943454315,10.360437405215567,84.48899075246013,1.3329684488990752,2.7195292990798072
2019Q3,Illness Benefit,1.0713469014406585,10.654013263206037,84.13674822776126,1.38348959524354,2.7544020123485025
2019Q4,Illness Benefit,1.1170206733876913,10.589582789943412,84.22222474229142,1.4084666764949365,2.662705117882537
2020Q1,Illness Benefit,1.1137871812851234,11.111449854171113,83.53302236720425,1.5670253955672082,2.6747152017723037
2020Q2,Illness Benefit,1.3200506899464939,12.158546888200506,79.4010490002816,4.202161362996339,2.918192058575049
2020Q3,Illness Benefit,1.1489996508564597,12.746913253700393,80.56540093316546,2.8714411164129205,2.667245045864765
2020Q4,Illness Benefit,1.3073031497863854,11.436386756808679,81.53217026960269,2.947607241855657,2.776532581946592
2021Q1,Illness Benefit,1.5228916438058615,11.266823809562117,80.21608488934298,4.321697786859529,2.672501870429515
2021Q2,Illness Benefit,1.497446373850868,12.325842696629213,80.36874361593462,3.041879468845761,2.76608784473953
2021Q3,Illness Benefit,1.4214172439696187,12.491444787580336,80.35973624906102,3.110758701277022,2.6166430181120104
2021Q4,Illness Benefit,1.5385450138963412,14.310518414912792,78.43685755798181,3.276642692212623,2.437436320996437
2022Q1,Illness Benefit,1.97937935069432,12.621938842521283,77.65071461833291,5.298742701579682,2.4492244868717985
2022Q2,Illness Benefit,1.6428783823966695,11.518447356984378,79.7936823806583,4.183535762483131,2.8614561174775273
2022Q3,Illness Benefit,1.6400627568552972,11.114569372367928,80.24302401656578,4.089358647805733,2.912985206405265
2022Q4,Illness Benefit,1.5154557953439514,11.124156149104785,81.51792748675328,3.071076576089475,2.77138399270851
2023Q1,Illness Benefit,1.4675035300071007,11.140947266182941,81.53377788297517,3.0272361472727125,2.830535173562083
2014Q1,Invalidity Pension,0.24752021415082232,0.6692213197411122,96.91608147998754,0.1411781962193579,2.0259987899011755
2014Q2,Invalidity Pension,0.25830325901771484,0.7327752028871343,96.81059592943375,0.1593786066279517,2.038947002033451
2014Q3,Invalidity Pension,0.27090909090909093,0.8090909090909091,96.66181818181818,0.16363636363636364,2.0945454545454547
2014Q4,Invalidity Pension,0.2820976491862568,0.8933092224231465,96.499095840868,0.17721518987341772,2.148282097649186
2015Q1,Invalidity Pension,0.27496226008194957,0.9704550355833513,96.39673639565811,0.18510531234275032,2.172740996333837
2015Q2,Invalidity Pension,0.28557149996430353,1.0887413436139073,96.21082315984864,0.1963304062254587,2.218533590347683
2015Q3,Invalidity Pension,0.30440587449933243,1.2283044058744994,95.99643969737429,0.2118380062305296,2.259012016021362
2015Q4,Invalidity Pension,0.31946046676723755,1.348833081906114,95.82571656757476,0.2147484248824208,2.291241458869465
2016Q1,Invalidity Pension,0.3329319260466105,1.4645462917050365,95.67719770489481,0.20896791102925552,2.3163561663242898
2016Q2,Invalidity Pension,0.3610875106202209,1.616043613707165,95.4934862645143,0.21771452846219203,2.3116680826961202
2016Q3,Invalidity Pension,0.36729479399552856,1.745981049717875,95.33695305014372,0.22534511515667696,2.324425990986195
2016Q4,Invalidity Pension,0.3859978398286028,1.8892646564088036,95.13784372399384,0.24080599181967882,2.3460877879490765
2017Q1,Invalidity Pension,0.3743492417251406,2.0423798164818137,94.96108509045322,0.24898577472881445,2.373200076611008
2017Q2,Invalidity Pension,0.381317183429094,2.1826526562796555,94.77026071052677,0.2760667391341857,2.389702710630295
2017Q3,Invalidity Pension,0.3976211287641181,2.373729583354757,94.50357344850634,0.28964642569455157,2.4354294136802235
2017Q4,Invalidity Pension,0.4163396239292906,2.5458144217315635,94.29409958024776,0.3003105484080128,2.4434358256833772
2018Q1,Invalidity Pension,0.42267570629110524,2.6662383552842917,94.1450961164556,0.30432650852959575,2.461663313439397
2018Q2,Invalidity Pension,0.4342147666943704,2.8122190749190086,93.97357396068321,0.3053072578319792,2.4746849398714317
2018Q3,Invalidity Pension,0.4549714577830792,2.927494248956292,93.80761693788872,0.31183436994121155,2.498082985430689
2018Q4,Invalidity Pension,0.4752045076541869,3.087132140796307,93.60001357727164,0.31567156579885275,2.521978208479006
2019Q1,Invalidity Pension,0.4955318148222805,3.250352751461399,93.36491298797286,0.3309144661694551,2.5582879795740103
2019Q2,Invalidity Pension,0.4994534600184983,3.430589422349281,93.14554780122761,0.33633229630875305,2.5880770200958545
2019Q3,Invalidity Pension,0.5066060759067575,3.625347134561979,92.92602878061096,0.3450307161491206,2.5969872927711855
2019Q4,Invalidity Pension,0.5270691251999663,3.743369537762061,92.74227498526564,0.35362465269007326,2.6336616990822597
2020Q1,Invalidity Pension,0.5340008343763037,3.9399249061326658,92.53566958698373,0.3504380475594493,2.6399666249478515
2020Q2,Invalidity Pension,0.55030923721487,4.166389572388109,92.22584292079537,0.3757398417237481,2.681718427877901
2020Q3,Invalidity Pension,0.5664596273291925,4.422360248447204,91.89730848861284,0.39089026915113867,2.7229813664596274
2020Q4,Invalidity Pension,0.5904046835463972,4.638893942150264,91.65495228802487,0.4068334794185258,2.70891560685994
2021Q1,Invalidity Pension,0.6145987806887461,4.824518042511122,91.41868512110727,0.4168726314055034,2.7253254242873624
2021Q2,Invalidity Pension,0.626297865271202,4.997092781792508,91.2202010133732,0.4335908298031398,2.7228175097599467
2021Q3,Invalidity Pension,0.6493614890242885,5.181537434270929,90.99240464068107,0.4573908688757199,2.7193055671479844
2021Q4,Invalidity Pension,0.6644182124789207,5.355817875210792,90.76053962900505,0.4654300168634064,2.7537942664418216
2022Q1,Invalidity Pension,0.6706534225285493,5.537536320021623,90.55172646800459,0.47300493276572736,2.7670788566795053
2022Q2,Invalidity Pension,0.6862662035075828,5.656189104464966,90.39735660425315,0.498178429212912,2.7620096585613827
2022Q3,Invalidity Pension,0.6963023941826164,5.853399190505591,90.16772998559375,0.5093640666803869,2.773204363037662
2022Q4,Invalidity Pension,0.7100039732582445,6.009984970718815,89.9839342166635,0.5217060825401213,2.7743707568193203
2023Q1,Invalidity Pension,0.7106423446010202,6.143338808679865,89.81066828045302,0.5446528918474972,2.7906976744186047
2014Q1,Jobseekers Allowance,0.7988200589970502,9.516519174041298,83.64985250737463,2.001474926253687,4.033333333333333
2014Q2,Jobseekers Allowance,0.8217415406002361,9.34964370136976,83.68436623075974,2.1214201394174568,4.022828387852816
2014Q3,Jobseekers Allowance,0.8373134030095322,9.026312709292664,83.90348485670322,2.2001958394116823,4.032693191582902
2014Q4,Jobseekers Allowance,0.8651595877109994,9.323806204252353,83.54049444804063,2.1971319026041924,4.073407857391824
2015Q1,Jobseekers Allowance,0.8778708836829062,9.62081342768822,83.198783946044,2.226771070178576,4.075760672406305
2015Q2,Jobseekers Allowance,0.896043335345391,9.407360378308557,83.20067304895555,2.43479838243067,4.061124854959827
2015Q3,Jobseekers Allowance,0.8837749686851389,8.999618775604059,83.57104388921498,2.5257629026304484,4.019799463865374
2015Q4,Jobseekers Allowance,0.9061571459493496,9.269498940684914,83.2070682225152,2.548587470565471,4.068688220285064
2016Q1,Jobseekers Allowance,0.9285228046289994,9.560925799863854,82.86725663716814,2.5486725663716814,4.094622191967325
2016Q2,Jobseekers Allowance,0.9594656140883558,9.471517973112022,82.65978442386519,2.798441374424371,4.110790614510062
2016Q3,Jobseekers Allowance,0.9658901599289205,9.183418480675256,82.79618780541982,2.9313360728565083,4.123167481119502
2016Q4,Jobseekers Allowance,1.008225295632163,9.52212779208154,82.41662679334989,2.874676266642363,4.178343852294045
2017Q1,Jobseekers Allowance,1.0338215817667873,9.771689497716896,82.14908379291941,2.8259107711162508,4.2194943564806575
2017Q2,Jobseekers Allowance,1.051885354001402,9.588948867124227,81.92784921920483,3.182586861730145,4.248729697939398
2017Q3,Jobseekers Allowance,1.0391440992923493,9.319926079812495,82.1444230004876,3.293627866763369,4.202878953644175
2017Q4,Jobseekers Allowance,1.05845259612409,9.583032466687895,81.82242215215705,3.2973489350442,4.238743849986769
2018Q1,Jobseekers Allowance,1.0925787106446776,9.786356821589205,81.56531109445278,3.2707083958020986,4.2850449775112445
2018Q2,Jobseekers Allowance,1.1064800104667027,9.580303908192064,81.4033792497617,3.5937237164271165,4.3161131151524215
2018Q3,Jobseekers Allowance,1.1081853161801858,9.304675657818025,81.5359127832407,3.731684091880757,4.31954215088033
2018Q4,Jobseekers Allowance,1.1129760726028919,9.568840905841801,81.28749410948677,3.684681488698157,4.346007423370379
2019Q1,Jobseekers Allowance,1.1543907781489922,9.791579087107552,81.06732747748744,3.6119653959333586,4.374737261322654
2019Q2,Jobseekers Allowance,1.177361494198869,9.72401098870728,80.80016361455506,3.929513080873127,4.3689508216656625
2019Q3,Jobseekers Allowance,1.1949011597405932,9.501724542075477,80.85925727488866,4.131087521905591,4.313029501389679
2019Q4,Jobseekers Allowance,1.2036937869646447,9.706305856032749,80.62249354420288,4.096009900872277,4.371496911927457
2020Q1,Jobseekers Allowance,1.2265970244896234,9.988695236886173,80.40406971472098,3.985080130820895,4.395557893082332
2020Q2,Jobseekers Allowance,1.214588103298696,9.631905442163559,80.68270027331494,4.142123767962793,4.328682413260014
2020Q3,Jobseekers Allowance,1.2500879517789714,9.584984872294017,80.61308253394938,4.272111077233389,4.2797335647442365
2020Q4,Jobseekers Allowance,1.3172953266396876,9.811578984626639,80.23290111731184,4.401406373514872,4.236818197906957
2021Q1,Jobseekers Allowance,1.3072227873855544,9.96503051881994,80.00190742624619,4.438580874872838,4.287258392675483
2021Q2,Jobseekers Allowance,1.254195930184779,9.954548040634936,79.9486689972122,4.557839040641258,4.284747991326831
2021Q3,Jobseekers Allowance,1.2470850653959242,9.64209672513434,80.28807158065497,4.568209469735375,4.254537159079388
2021Q4,Jobseekers Allowance,1.2897116487503002,9.906239163487957,79.81474565872657,4.655365573901678,4.333937955133506
2022Q1,Jobseekers Allowance,1.3288469676080754,10.138686031750366,79.4776068469403,4.736619391474085,4.318240762227166
2022Q2,Jobseekers Allowance,1.1648052563111104,8.902397352660827,69.51963023577864,16.641787913122194,3.7713792421272236
2022Q3,Jobseekers Allowance,1.1017151370887484,8.494206247126403,67.74704201416574,19.084173830046037,3.5728627715730723
2022Q4,Jobseekers Allowance,1.102654062685767,8.581702469898476,65.62306948119311,21.236581073047915,3.4559929131747347
2023Q1,Jobseekers Allowance,1.1212918756730919,8.733061121061512,64.46132493276279,22.284740179337593,3.399581891165003
2014Q1,Jobseekers Benefit,1.7849688025364157,12.477857134797866,81.64483408365207,1.1711742206275597,2.9211657583860813
2014Q2,Jobseekers Benefit,1.5789603837974182,11.343290963944805,83.02463029823434,1.1758741777535981,2.877244176269845
2014Q3,Jobseekers Benefit,1.4473270934103901,9.71292166593379,85.03046673786042,1.0603681135749732,2.7489163892204282
2014Q4,Jobseekers Benefit,1.8639762946239595,11.28263016791308,82.83194581628334,1.0808522647100325,2.9405954564695924
2015Q1,Jobseekers Benefit,1.9408609757038675,12.177648587120093,81.881438989569,1.108695931780473,2.89135551582657
2015Q2,Jobseekers Benefit,1.4140035106294058,11.330138474826558,83.23117216015157,1.113092418712212,2.9115934356802544
2015Q3,Jobseekers Benefit,1.329184748492044,10.083517563252272,84.77169136712247,1.0739921941101012,2.7416141270231176
2015Q4,Jobseekers Benefit,1.8066137773937632,11.23870866389129,83.07752729557772,1.131097321498704,2.74605294163852
2016Q1,Jobseekers Benefit,2.0248426067721628,11.886733594237423,82.23299869547955,1.1258578639895638,2.7295672395212978
2016Q2,Jobseekers Benefit,1.6832058177410802,11.099159154609499,83.32550564351186,1.1302174077721385,2.7619119763654267
2016Q3,Jobseekers Benefit,1.565945527147029,9.821801060849872,84.9320579295548,1.0116812682519816,2.6685142141963167
2016Q4,Jobseekers Benefit,2.025011861994171,11.323120721209246,82.80180302311393,1.0302989222531012,2.8197654714295397
2017Q1,Jobseekers Benefit,2.0090712611488235,12.10617637210435,81.9822836443335,1.0699826489300175,2.8324860734833033
2017Q2,Jobseekers Benefit,1.6776610473165567,11.481390992751853,82.94649401417054,1.1678475445883214,2.726606401172734
2017Q3,Jobseekers Benefit,1.5954892575553388,10.043837229115356,84.5702247626129,1.1958424338181763,2.5946063168982447
2017Q4,Jobseekers Benefit,1.9403064199756137,11.401509127215537,82.69981798582764,1.2988389969782113,2.659527470003004
2018Q1,Jobseekers Benefit,2.035413661366771,11.911291473138563,82.02526829732257,1.2618296529968454,2.7661969151752452
2018Q2,Jobseekers Benefit,1.6936829755944416,11.698805333862094,82.51127745005701,1.3797319849964473,2.716502255490011
2018Q3,Jobseekers Benefit,1.5792316736042706,10.312668806202534,84.18702932858822,1.27260017158654,2.6484700200184297
2018Q4,Jobseekers Benefit,1.8800566887322174,11.662450890694796,82.41572932924313,1.2772904221157815,2.7644726692140718
2019Q1,Jobseekers Benefit,2.0096515092628575,12.027140821349915,81.85483870967742,1.2857883145485167,2.82258064516129
2019Q2,Jobseekers Benefit,1.9177708893960552,11.513438021596212,82.40283407705147,1.39660047007528,2.7693565418809825
2019Q3,Jobseekers Benefit,1.7972758367945274,11.018812606889812,82.91137307598339,1.6064011727339358,2.6661373075983383
2019Q4,Jobseekers Benefit,1.8167661562418895,12.087550826196038,81.47590622026128,1.7648585517778352,2.854918245522969
2020Q1,Jobseekers Benefit,1.9757197159442499,12.091522527035389,81.29475204054572,1.8077614403158793,2.8302442761587647
2020Q2,Jobseekers Benefit,2.064873417721519,11.308544303797468,81.69462025316456,2.134493670886076,2.7974683544303796
2020Q3,Jobseekers Benefit,2.0351384170804065,10.458520989286319,82.40312341485159,2.231888958912953,2.8713282198687304
2020Q4,Jobseekers Benefit,2.3600580738828847,12.047104371672852,80.42426197773834,2.277786739796741,2.890788836909179
2021Q1,Jobseekers Benefit,2.3869482318235784,11.686512933050329,80.76051372450264,2.1477137820628123,3.0183113285606358
2021Q2,Jobseekers Benefit,2.26193953556302,11.437490871914708,81.26369212793925,2.10128523440923,2.935592230173799
2021Q3,Jobseekers Benefit,1.8843551694627894,10.070885340136604,83.43963443186773,1.9392549773134617,2.6658700812194214
2021Q4,Jobseekers Benefit,1.9722268143494794,11.620102496280376,80.8960158703918,2.7244172590510827,2.7872375599272607
2022Q1,Jobseekers Benefit,2.1678016625063616,13.217652618568692,77.85546373264184,3.904224123306594,2.8548578629765164
2022Q2,Jobseekers Benefit,2.1620035218156914,12.794707493641166,78.26379377812562,3.9131285462727448,2.8663666601447857
2022Q3,Jobseekers Benefit,2.046723175522018,10.816135426674288,81.32167483491226,3.0402899220469664,2.775176640844471
2022Q4,Jobseekers Benefit,2.2532411665232743,11.585130685020916,80.37499629157149,3.0542617260509686,2.732370130833358
2023Q1,Jobseekers Benefit,2.570175039091558,11.41928921680254,79.74070531796997,3.4400570812648965,2.829773344871036
2014Q1,Maternity Benefit,1.9264230673626648,11.909644543872732,81.82948048719861,2.1998508575689786,2.134601043997017
2014Q2,Maternity Benefit,2.0001284191601387,12.292924104276358,81.29895980480288,2.3629125465519456,2.0450751252086814
2014Q3,Maternity Benefit,1.9869465967913063,12.54219850175224,80.96968138121726,2.4209883291000867,2.0801851911391185
2014Q4,Maternity Benefit,1.9833241370854027,11.887683158604624,81.7178591134817,2.3695665501808594,2.0415670406474162
2015Q1,Maternity Benefit,2.055266620715584,11.670530735008459,81.85976564947678,2.249514380600288,2.1649226141988844
2015Q2,Maternity Benefit,2.162423461166613,11.853045439896874,81.45020947470191,2.3461166612955204,2.188204962939091
2015Q3,Maternity Benefit,2.248251179437124,12.149015780055311,80.9598177972995,2.4076785423783957,2.235236700829673
2015Q4,Maternity Benefit,2.220828105395232,11.433500627352572,81.76599749058971,2.43099121706399,2.148682559598494
2016Q1,Maternity Benefit,2.159778550276812,11.497360628299216,81.82052272434659,2.3915282605896744,2.130809836487704
2016Q2,Maternity Benefit,2.2021756434067394,11.86985937914566,81.33125497479438,2.5271955425842396,2.0695144600689837
2016Q3,Maternity Benefit,2.262205732672292,12.207374331024067,80.83199264536887,2.600387431460748,2.0980398594740124
2016Q4,Maternity Benefit,2.240299567434954,11.834204919620376,81.25121053650977,2.643811737361999,2.03047323907289
2017Q1,Maternity Benefit,2.1939039090752543,11.55846392285173,81.53607714826933,2.662304115722404,2.049250904081281
2017Q2,Maternity Benefit,2.2363128110724757,11.972455171473376,80.95384195813732,2.7238017317788232,2.1135883275380105
2017Q3,Maternity Benefit,2.2585902937165288,11.944915677078136,80.66061271330207,2.970428766257526,2.1654525496457437
2017Q4,Maternity Benefit,2.250612091154498,11.400590118651516,81.31395567832256,3.0447611275032958,1.9900809843681335
2018Q1,Maternity Benefit,2.30875941339675,11.074778702602723,81.47047166072137,3.2368873034746994,1.9091029198044656
2018Q2,Maternity Benefit,2.339811563466954,11.4070159580016,81.11114974098669,3.2472273406807353,1.8947953968640268
2018Q3,Maternity Benefit,2.562975486052409,11.445477599323754,80.5105663567202,3.4961961115807267,1.984784446322908
2018Q4,Maternity Benefit,2.5109067512005274,10.90675120052729,81.04265402843602,3.5309626188757415,2.008725400960422
2019Q1,Maternity Benefit,2.5275350674567307,10.414783569348197,81.43684510059924,3.6791536942184724,1.941682568377356
2019Q2,Maternity Benefit,2.4180602006688963,10.698996655518394,80.98327759197325,3.882943143812709,2.0167224080267556
2019Q3,Maternity Benefit,2.492454483497225,10.74546457663973,80.68347775289651,4.124882354850225,1.9537208321163144
2019Q4,Maternity Benefit,2.4179008370895043,10.215711526078557,81.0624597553123,4.375402446877012,1.928525434642627
2020Q1,Maternity Benefit,2.534016959179649,9.859988168014198,81.28245579438638,4.5125879182278315,1.8109511601919412
2020Q2,Maternity Benefit,2.6375987799805904,9.780951060585055,80.73617080271731,5.001386385692499,1.843892971024539
2020Q3,Maternity Benefit,2.73797701801674,10.061710880976026,80.12129380053908,5.248971485317067,1.8300468151510854
2020Q4,Maternity Benefit,2.5383523219170967,9.169927624060671,81.22381133774283,5.204834297191536,1.8630744190878554
2021Q1,Maternity Benefit,2.464323243279889,8.62004677807532,81.52604996440799,5.365919799328836,2.023660214907969
2021Q2,Maternity Benefit,2.4472748610679647,8.332470401435918,81.16737427082255,5.940423181802492,2.112457284871078
2021Q3,Maternity Benefit,2.625686952981885,8.389307280005427,80.82637899450438,6.024832078159983,2.1337946943483272
2021Q4,Maternity Benefit,2.5960127201565557,8.115215264187867,81.01149706457925,6.2866927592955,1.990582191780822
2022Q1,Maternity Benefit,2.663278439655457,8.234051681462658,80.53859608593775,6.577340681825683,1.986733111118445
2022Q2,Maternity Benefit,2.681992337164751,8.30257654047594,79.96063130514254,7.033639143730887,2.021160673485887
2022Q3,Maternity Benefit,2.8294230485465546,8.35915596871772,79.05046480743691,7.7357237715803455,2.0252324037184595
2022Q4,Maternity Benefit,2.6892532124475954,7.747366985923174,79.61757387777361,8.026858447799858,1.9189474760557619
2023Q1,Maternity Benefit,2.741917887923197,7.469362522273537,79.10833121204406,8.687588639586894,1.9927997381722973
2014Q1,One Parent Family Payment,0.6220360904107902,6.40266059001047,86.9692677218698,2.3662006528299564,3.63983494487898
2014Q2,One Parent Family Payment,0.6283762806581806,6.477491462278795,86.85625582117355,2.4278174479975165,3.6100589878919593
2014Q3,One Parent Family Payment,0.6096589097864201,6.441929656784613,87.12012538518754,2.4492615024970776,3.379024545744342
2014Q4,One Parent Family Payment,0.5855023637450415,6.490789545182851,87.12845731674183,2.473781448676846,3.3214693256534265
2015Q1,One Parent Family Payment,0.5940236776727597,6.578673439646916,87.06471804693898,2.4690843985510265,3.2935004371903234
2015Q2,One Parent Family Payment,0.5945136878033769,6.6305761886776615,86.95287255025389,2.5361254493824053,3.285912123882664
2015Q3,One Parent Family Payment,0.5399710259449493,7.3269239211554495,86.19122876333465,3.0159357302778877,2.9259405592870626
2015Q4,One Parent Family Payment,0.5455157705690874,7.44640251431137,85.92210124593109,3.12717476708946,2.958805702099001
2016Q1,One Parent Family Payment,0.5629886262621657,7.478403573952089,85.87058099514508,3.159118364369886,2.9289084402707815
2016Q2,One Parent Family Payment,0.56048682284041,7.5128111273792095,85.71788067349927,3.3080161054172765,2.900805270863836
2016Q3,One Parent Family Payment,0.5518738310203893,7.495324081557254,85.71824416376106,3.3712794698316673,2.863278453829635
2016Q4,One Parent Family Payment,0.537559014630954,7.486093582012808,85.75234889917263,3.3562380217828256,2.867760482400785
2017Q1,One Parent Family Payment,0.5464224572594452,7.443540254684458,85.78129030745058,3.353579887901316,2.8751670927042046
2017Q2,One Parent Family Payment,0.5835568732646242,7.508588639465387,85.57814485387549,3.4566332533295685,2.873076380064944
2017Q3,One Parent Family Payment,0.5691654611425997,7.465553631987099,85.56928403728034,3.521711290819835,2.8742855787701282
2017Q4,One Parent Family Payment,0.5818268885430384,7.518256913683706,85.49024302645756,3.5412426673051596,2.868430504010535
2018Q1,One Parent Family Payment,0.5999520038396928,7.497000239980801,85.53395728341732,3.5109191264698825,2.8581713462922966
2018Q2,One Parent Family Payment,0.602912089221457,7.587636727593355,85.2465267020947,3.660367466577699,2.902557014512785
2018Q3,One Parent Family Payment,0.614885960103911,7.562143997712052,85.12118973283444,3.7417478967563573,2.960032412593246
2018Q4,One Parent Family Payment,0.6250751292222623,7.613895900949634,85.05108787113835,3.738430099771607,2.971510998918139
2019Q1,One Parent Family Payment,0.6249700684833102,7.693597049949714,84.9767731430487,3.7689765815813416,2.9356831569369284
2019Q2,One Parent Family Payment,0.671301273322344,7.7641606345110965,84.88974891898994,3.8080221696648273,2.86676700351179
2019Q3,One Parent Family Payment,0.6698929601640164,7.67158557226977,84.92383245524113,3.866784275395142,2.8679047369299355
2019Q4,One Parent Family Payment,0.6832729975306274,7.770132578936012,84.80736496367865,3.826328786171514,2.9129006736832013
2020Q1,One Parent Family Payment,0.6789478681986516,7.883866679327698,84.70468141676953,3.862406229227994,2.8700978064761182
2020Q2,One Parent Family Payment,0.6744180424955885,7.8343687302086105,84.8122990645169,3.8482921994730357,2.830621963305857
2020Q3,One Parent Family Payment,0.6732063858434314,7.821215618388151,84.77832275437585,3.9118099634545107,2.815445277938065
2020Q4,One Parent Family Payment,0.6628516928946113,7.849308536003815,84.65426800190748,4.003338102050549,2.8302336671435384
2021Q1,One Parent Family Payment,0.6569889616192846,7.818651723388324,84.6694524286853,4.0361343928890605,2.8187724934180336
2021Q2,One Parent Family Payment,0.6700980868214043,7.859085170437992,84.57074876177528,4.1177041856851515,2.7823637952801787
2021Q3,One Parent Family Payment,0.6532506999114642,7.98018712162906,84.3315546409514,4.2401474001579285,2.794860137350147
2021Q4,One Parent Family Payment,0.6556517178075006,8.001335145316263,84.2214433874544,4.303459456881959,2.8181102925398758
2022Q1,One Parent Family Payment,0.6725554739858385,8.004357401662443,84.21625973902952,4.298197835508087,2.8086295498141003
2022Q2,One Parent Family Payment,0.6401348611522427,7.8160238740688435,81.52037724673667,7.323962913183133,2.699501104859102
2022Q3,One Parent Family Payment,0.651254392050668,7.539780229617528,80.31242306917619,8.88257279054674,2.613969518608867
2022Q4,One Parent Family Payment,0.690815693915508,7.488264989814897,79.70064653263661,9.562926224426535,2.5573465592064477
2023Q1,One Parent Family Payment,0.7035616438356165,7.427945205479452,79.36657534246575,9.961643835616437,2.5402739726027397
2020Q1,Pandemic Unemployment Claim,3.0407494228536605,12.177676557850301,70.79795207572516,10.80631458145214,3.1773073621187384
2020Q2,Pandemic Unemployment Claim,2.584237986868394,13.617538225612488,71.9991174776203,8.750318348157803,3.0487879617410205
2020Q3,Pandemic Unemployment Claim,2.8193251273912328,13.441502570115333,70.60193750585131,10.065356271928456,3.071878524713676
2020Q4,Pandemic Unemployment Claim,2.681080774619939,13.372399102594215,70.9673435006925,9.936460754695586,3.0427158673977663
2021Q1,Pandemic Unemployment Claim,2.386887107969963,14.191259474278342,71.37646101961114,9.14614052431936,2.899251873821193
2021Q2,Pandemic Unemployment Claim,2.377676013444923,14.490206493184226,70.88279989089843,9.346436459612935,2.9028811428594867
2021Q3,Pandemic Unemployment Claim,2.6812843156417134,15.090886476305549,68.21416514152703,11.049858739494304,2.963805327031397
2021Q4,Pandemic Unemployment Claim,2.7322453452131814,15.667747469394723,69.11987928541275,9.137124226447632,3.3430036735317104
2022Q1,Pandemic Unemployment Claim,2.598488237925919,14.72084206560388,70.8773871476676,8.717357006616902,3.0859255421856973
2022Q2,Pandemic Unemployment Claim,2.520839610324395,11.599879481771618,73.20478055639249,9.420508185196343,3.253992166315155
2022Q3,Pandemic Unemployment Claim,0.0,0.0,100.0,0.0,0.0
2019Q4,Parents Benefit,1.550387596899225,6.2015503875969,86.82170542635659,0.7751937984496124,4.651162790697675
2020Q1,Parents Benefit,2.668213457076566,5.916473317865429,85.96287703016242,2.5522041763341066,2.9002320185614847
2020Q2,Parents Benefit,2.5444071051368216,8.161305808929429,83.62938070091215,3.744599135861738,1.9203072491598656
2020Q3,Parents Benefit,2.481692432872254,7.912937347436941,84.11310008136697,3.519121236777868,1.9731489015459722
2020Q4,Parents Benefit,2.3424996362578203,6.3145642368689066,85.08657063873126,4.263058344245599,1.9933071438964063
2021Q1,Parents Benefit,2.5318352059925093,6.51685393258427,84.37453183520599,4.808988764044944,1.7677902621722845
2021Q2,Parents Benefit,2.106696571611663,6.648510092918936,85.48542133931433,3.9730855495033643,1.7862864466517143
2021Q3,Parents Benefit,2.751971954425942,8.448729184925503,82.84545720128543,3.856266432953549,2.097575226409582
2021Q4,Parents Benefit,2.2046419638182773,7.748240358327031,82.59554418009424,5.322552498400325,2.1290209993601303
2022Q1,Parents Benefit,2.313624678663239,8.136246786632391,81.73521850899743,5.77120822622108,2.043701799485861
2022Q2,Parents Benefit,2.5731055444921913,7.991824756314851,81.67382873912588,5.706948957132376,2.054292002934703
2022Q3,Parents Benefit,2.8662420382165608,8.961541562525195,81.83100862694509,4.107877126501653,2.233330645811497
2022Q4,Parents Benefit,2.454957766404527,7.91411808762951,81.65855282320143,5.758748387633671,2.2136229351308616
2023Q1,Parents Benefit,2.734469862547962,8.077128563796201,80.54300840254504,6.537471465345574,2.1079217057652144
2016Q3,Paternity Benefit,3.041825095057034,11.406844106463879,80.98859315589354,1.9011406844106464,2.6615969581749046
2016Q4,Paternity Benefit,1.9417475728155338,8.512079476179725,85.23368706254233,1.9417475728155338,2.370738315646873
2017Q1,Paternity Benefit,2.101546738399462,10.423671822461332,82.34700739744451,2.706792199058507,2.42098184263618
2017Q2,Paternity Benefit,2.6916921286192346,11.203259129928707,80.13967699694456,3.651971482613124,2.3134002618943694
2017Q3,Paternity Benefit,2.547592385218365,12.23404255319149,78.76539753639418,3.9193729003359463,2.5335946248600227
2017Q4,Paternity Benefit,2.37791932059448,10.559094125973106,80.55201698513801,3.821656050955414,2.689313517338995
2018Q1,Paternity Benefit,2.398232881035027,10.00315556958031,81.05080467024298,4.1180183023035655,2.4297885768381193
2018Q2,Paternity Benefit,2.5654730090860505,10.849812934259754,79.42276857295563,4.222340994120791,2.939604489577766
2018Q3,Paternity Benefit,2.629601803155522,11.660405709992487,79.2336589030804,4.0570999248685204,2.4192336589030807
2018Q4,Paternity Benefit,2.292794075761891,10.139561378524636,81.15921389917402,3.8450583879236686,2.563372258615779
2019Q1,Paternity Benefit,2.2784435567391625,9.749963012279924,81.00310696848646,4.7788134339399315,2.1896730285545196
2019Q2,Paternity Benefit,2.879929109437306,9.806527839314723,79.88480283562251,4.8589573179737116,2.5697828976517503
2019Q3,Paternity Benefit,2.607052896725441,10.214105793450882,79.68513853904282,4.974811083123426,2.518891687657431
2019Q4,Paternity Benefit,2.7131782945736433,9.262229350441059,81.08794439989308,4.584335739107191,2.3523122159850307
2020Q1,Paternity Benefit,2.581311306143521,8.182756840474962,81.04026845637584,5.717604543107899,2.47805885389778
2020Q2,Paternity Benefit,3.053585500394011,9.003152088258473,78.52639873916469,6.284475965327029,3.1323877068557917
2020Q3,Paternity Benefit,2.990181493603094,8.182088664088068,80.05058018446891,6.4712883070514735,2.3058613507884558
2020Q4,Paternity Benefit,2.644602536343953,6.913083823074544,81.47231673368388,6.263532322919889,2.7064645839777297
2021Q1,Paternity Benefit,2.7200488997555015,6.463936430317848,81.99877750611248,6.387530562347187,2.4297066014669926
2021Q2,Paternity Benefit,3.1095087877422265,6.669671022983326,81.04251164188074,6.309148264984227,2.869160282409494
2021Q3,Paternity Benefit,3.0641948827945455,7.7064501302282835,81.6301516776467,4.902711812471273,2.6964914968592
2021Q4,Paternity Benefit,2.4970273483947683,7.51486325802616,80.98692033293699,6.349583828775268,2.6516052318668253
2022Q1,Paternity Benefit,2.975616476098636,7.232401157184184,79.84570877531341,7.494145199063232,2.452128392340543
2022Q2,Paternity Benefit,3.054156171284635,7.682619647355164,78.66813602015114,8.139168765743072,2.455919395465995
2022Q3,Paternity Benefit,2.5886727688787183,7.637299771167048,79.8913043478261,7.336956521739131,2.5457665903890163
2022Q4,Paternity Benefit,2.912621359223301,6.499460625674218,79.9217907227616,7.982740021574973,2.6833872707659117
2023Q1,Paternity Benefit,2.9359165424739193,6.3040238450074515,79.0909090909091,9.284649776453055,2.384500745156483
2014Q1,Rent Supplement,1.444437550412608,18.281317863125892,69.34913445430291,6.037103679344791,4.8880064528138
2014Q2,Rent Supplement,1.4583386402425045,18.28973176758285,69.1265252056958,6.25111445092595,4.874289935552896
2014Q3,Rent Supplement,1.4919874746730521,18.11699076388706,69.14454122042997,6.428439860011053,4.818040680998868
2014Q4,Rent Supplement,1.4724912481440615,18.101698609238145,68.89515480909377,6.674567174751066,4.856088158772969
2015Q1,Rent Supplement,1.502592846260291,18.263142445801826,68.51404050710761,6.910529332010119,4.80969486882015
2015Q2,Rent Supplement,1.5166382868192445,18.323761147507863,68.30788767352594,7.062252878870963,4.789460013275996
2015Q3,Rent Supplement,1.5314144040636148,18.373949325754367,68.118461631493,7.253431698615226,4.722742940073775
2015Q4,Rent Supplement,1.5489930749024914,18.471702618801242,67.82297222001115,7.431346016078962,4.72498607020616
2016Q1,Rent Supplement,1.552940389823142,18.755641737153557,67.41499782688642,7.592524489318311,4.683895556818562
2016Q2,Rent Supplement,1.5686826231468616,18.947294374197632,67.09459578284648,7.7818616675166625,4.6075655522923515
2016Q3,Rent Supplement,1.6080250972141341,18.92810850412338,66.86078184584751,8.045761088046888,4.5573234647680945
2016Q4,Rent Supplement,1.625213976437418,18.948746349813714,66.72439834860538,8.230792468029403,4.470848857114087
2017Q1,Rent Supplement,1.6743389358741034,19.192805909431538,66.38903757627664,8.305320629482924,4.438496948934803
2017Q2,Rent Supplement,1.6829709305021094,19.446891371876305,66.122676062868,8.41949093606565,4.327970698687931
2017Q3,Rent Supplement,1.709271657537026,19.512071414079934,66.04787989450193,8.449989855954556,4.280787177926557
2017Q4,Rent Supplement,1.7063899447851059,19.549956993424157,66.09694514580616,8.351599567159623,4.295108348824949
2018Q1,Rent Supplement,1.7254336128896504,19.710223344455464,65.95424895542129,8.29049809120149,4.3195959960321035
2018Q2,Rent Supplement,1.7042313071193935,19.84909096822454,65.80154161381598,8.348781994991382,4.296354115848701
2018Q3,Rent Supplement,1.727029438001784,19.93577163247101,65.76271186440678,8.32114183764496,4.253345227475468
2018Q4,Rent Supplement,1.7411672847940658,19.953152449736482,65.87155963302752,8.202225258637517,4.231895373804411
2019Q1,Rent Supplement,1.8277874824251206,19.739252694814876,66.17954070981212,8.014145115248605,4.239273997699289
2019Q2,Rent Supplement,1.8907563025210083,19.673202614379086,66.31185807656395,7.880485527544351,4.243697478991597
2019Q3,Rent Supplement,1.8420647544768842,19.564882754374263,66.39129765508748,7.958335471291497,4.243419364769871
2019Q4,Rent Supplement,1.8838216273969521,19.4230444806838,66.44548163976832,7.934544227633132,4.313108024517797
2020Q1,Rent Supplement,1.8789017516213105,19.322383174737862,66.54948784774834,7.903509303594157,4.345717922298322
2020Q2,Rent Supplement,3.2721753493147627,27.346993437792953,56.91710191509307,8.38801839203607,4.0757109057631355
2020Q3,Rent Supplement,3.547787989904281,25.215486451735796,58.38849469022335,8.543263964950713,4.304966903185866
2020Q4,Rent Supplement,3.8252967902682102,25.63388538765939,57.57975475108701,8.656993502369437,4.304069568615955
2021Q1,Rent Supplement,3.938290532771177,28.128593330778074,55.2366807205826,8.600038328861633,4.096397087006516
2021Q2,Rent Supplement,4.048663741523733,28.350618268847228,54.91124850418827,8.615875548464299,4.073593936976466
2021Q3,Rent Supplement,3.710695534186774,25.963070025367234,57.61312016990148,8.471476609049613,4.241637661494897
2021Q4,Rent Supplement,3.2662968099861303,23.82108183079057,60.50624133148405,7.9195561719833565,4.486823855755895
2022Q1,Rent Supplement,3.0363441190001534,23.117619996932987,61.52430608802331,7.736543474927158,4.585186321116393
2022Q2,Rent Supplement,2.855917667238422,21.921097770154375,62.59862778730704,7.933104631217838,4.691252144082333
2022Q3,Rent Supplement,2.61505295716562,21.614021932702222,63.03308651232543,8.060736713843847,4.677101883962883
2022Q4,Rent Supplement,2.6534494843296286,21.29768699309102,63.02192850705918,8.370882146790828,4.656052868729348
2023Q1,Rent Supplement,2.592475497944989,21.888502476551796,62.24048898724839,8.631046474865634,4.6474865633891875
2014Q1,State Pension Contributory,0.3254493624123934,0.04786020035476374,97.36888548549686,0.31946683736804793,1.9383381143679312
2014Q2,State Pension Contributory,0.3296859121310236,0.05612932195779075,97.31849549783755,0.3237775624512561,1.9719117056223856
2014Q3,State Pension Contributory,0.3352150890551836,0.06243344565518649,97.2756845068779,0.33404810876256325,1.9926188496491766
2014Q4,State Pension Contributory,0.3460576820479694,0.06863477360618059,97.21337051530872,0.35009502167186235,2.0218420073652608
2015Q1,State Pension Contributory,0.34629043861552344,0.07336903769512738,97.18913795662948,0.3508581608066597,2.0403444062532117
2015Q2,State Pension Contributory,0.3517522578310119,0.08284840156309203,97.14526463419462,0.3596695112227067,2.060465195188572
2015Q3,State Pension Contributory,0.3570440773427874,0.09023883957881092,97.09866765007446,0.36598414813697305,2.0880652848669747
2015Q4,State Pension Contributory,0.36542147575118245,0.1014906438312718,97.04436078820723,0.373970959334795,2.1147561328755224
2016Q1,State Pension Contributory,0.37141474007805725,0.1124090266362898,97.00269945764695,0.3774317682678343,2.1360450073708592
2016Q2,State Pension Contributory,0.3810622618360863,0.11808325953129611,96.95339773745974,0.3832289271485872,2.164227814024283
2016Q3,State Pension Contributory,0.38386124285442963,0.1308070716068405,96.91867759133089,0.3835937437304893,2.1830603504773523
2016Q4,State Pension Contributory,0.38659145047310417,0.14255394129851273,96.87732676913946,0.39056600273979136,2.2029618363491354
2017Q1,State Pension Contributory,0.39081633989496156,0.15873639542650583,96.82841538642883,0.401817872251254,2.2202140059984545
2017Q2,State Pension Contributory,0.39663019670993693,0.1760499567642018,96.781392555158,0.40802166450056176,2.2379056268672946
2017Q3,State Pension Contributory,0.40508918867080107,0.19436097436225305,96.73243398759669,0.41404002301643117,2.2540758263538136
2017Q4,State Pension Contributory,0.4063845213890593,0.20838931789258064,96.70861494622947,0.4096802161975794,2.266930998291309
2018Q1,State Pension Contributory,0.4112584508596305,0.2209260336630088,96.67256805825826,0.4130138222962264,2.2822336349228642
2018Q2,State Pension Contributory,0.416321591692413,0.23134487495474768,96.63917638249019,0.41929708847639685,2.2938600623862495
2018Q3,State Pension Contributory,0.42488820021967677,0.2544916052094775,96.59108739996863,0.42954652439981167,2.2999862702024165
2018Q4,State Pension Contributory,0.4321068482388372,0.28200912710536913,96.54799489813239,0.4323493324409915,2.305539794082416
2019Q1,State Pension Contributory,0.43885481160128137,0.30669558846767125,96.5025689646091,0.43358759618653603,2.3182930391354106
2019Q2,State Pension Contributory,0.4450813293601837,0.33428549737126806,96.45334712547687,0.43393057110862265,2.333355476683053
2019Q3,State Pension Contributory,0.4462151022702622,0.3538464768133757,96.42678037026756,0.43828446271083255,2.3348735879379636
2019Q4,State Pension Contributory,0.45468947669080423,0.38299378097658787,96.3659533330404,0.44381948411477784,2.352543925177447
2020Q1,State Pension Contributory,0.4627527398932565,0.41118364757773584,96.31714535410396,0.4502027395509838,2.3587155188740594
2020Q2,State Pension Contributory,0.46739005146262796,0.4407207932070235,96.26020155630943,0.45382941167164265,2.377858187349279
2020Q3,State Pension Contributory,0.472662066745071,0.48540650279259656,96.19477970012565,0.46125915028149556,2.3858925800551813
2020Q4,State Pension Contributory,0.4806266734526787,0.5140404062755858,96.13971808545949,0.46535814653360186,2.4002566882786396
2021Q1,State Pension Contributory,0.48429388241897015,0.5360337449137084,96.09868282587344,0.46807036621299286,2.41291918058089
2021Q2,State Pension Contributory,0.4900417523389343,0.5688566199060735,96.04470952487445,0.47071799692991123,2.4256741059506313
2021Q3,State Pension Contributory,0.49845613779104325,0.6158282890487706,95.97222550044096,0.47699870611687,2.436491366602366
2021Q4,State Pension Contributory,0.5065694732951866,0.6533365617844838,95.91154893439872,0.48299328397201446,2.445551746549593
2022Q1,State Pension Contributory,0.514661097142809,0.6889545972808527,95.84540777724153,0.4866308244482989,2.4643457038865133
2022Q2,State Pension Contributory,0.520723676667702,0.7320982996224858,95.78126270280187,0.48757913519846074,2.4783361857094914
2022Q3,State Pension Contributory,0.5265850147064284,0.7771924541378072,95.71017816848246,0.49028303171060716,2.495761330962704
2022Q4,State Pension Contributory,0.5333748134927864,0.8207340760192146,95.6443785855948,0.4885516806628093,2.512960844230403
2023Q1,State Pension Contributory,0.537280145978002,0.8703938364843631,95.57524456384003,0.4922702620507882,2.5248111916468146
2014Q1,State Pension Non Contributory,0.3659351390245156,0.38854910829007555,94.40098679138613,0.5530143393123297,4.291514621986946
2014Q2,State Pension Non Contributory,0.38495675686833036,0.40559786983714163,94.28963609717836,0.5665985509938696,4.353210725122299
2014Q3,State Pension Non Contributory,0.4006898474693545,0.42960560965786454,94.17140850743031,0.5721190090155216,4.426177026426941
2014Q4,State Pension Non Contributory,0.40804129872538614,0.4636832940061206,94.02363754392111,0.584240950447712,4.5203969128996695
2015Q1,State Pension Non Contributory,0.41227337847726825,0.5060655720808468,93.93545860259938,0.5988270822382321,4.547375364604269
2015Q2,State Pension Non Contributory,0.4279069767441861,0.5550387596899224,93.7953488372093,0.6056847545219638,4.616020671834625
2015Q3,State Pension Non Contributory,0.43870086602034164,0.5990750033626835,93.67298161388116,0.6094217219008992,4.679820794834918
2015Q4,State Pension Non Contributory,0.4524980371089714,0.6415554361750486,93.55551882309186,0.6239927269721889,4.726434976651928
2016Q1,State Pension Non Contributory,0.4592850049652433,0.7116848725587553,93.42105263157895,0.643412777226084,4.7645647136709695
2016Q2,State Pension Non Contributory,0.47614118621260737,0.7638960770106614,93.27916364765552,0.6624573025566712,4.818341786564538
2016Q3,State Pension Non Contributory,0.49075824732149315,0.8389383091053736,93.13041771275662,0.6798293194474578,4.860056411369061
2016Q4,State Pension Non Contributory,0.49791845294050807,0.8915012964474242,93.0022829870975,0.707622697643668,4.900674565870893
2017Q1,State Pension Non Contributory,0.5079135202234406,0.9227268025240509,92.87059066928727,0.7375607737664218,4.961208234198821
2017Q2,State Pension Non Contributory,0.5152181124564604,1.0003731962182782,92.70297727649694,0.7577956543373694,5.0236357604909605
2017Q3,State Pension Non Contributory,0.5206982750573079,1.0362103123152402,92.62102085904843,0.7862336503853375,5.035836903193685
2017Q4,State Pension Non Contributory,0.5330821464060947,1.1148145081152698,92.49234017886717,0.7939301093077177,5.065833057303744
2018Q1,State Pension Non Contributory,0.5461932301059221,1.1607901664490186,92.34500342018531,0.8239537342205087,5.124059449039239
2018Q2,State Pension Non Contributory,0.5464140927141332,1.2224330461289619,92.21748732464462,0.8450236917685362,5.168641844743745
2018Q3,State Pension Non Contributory,0.5598407564070664,1.2731193497553288,92.12283320892428,0.8594592352989964,5.184747449614332
2018Q4,State Pension Non Contributory,0.5691814136396565,1.338093759701956,92.00041395011901,0.887923005277864,5.204387871261513
2019Q1,State Pension Non Contributory,0.5795514416471245,1.386377958449984,91.88008140579966,0.9235632599510326,5.230425934152212
2019Q2,State Pension Non Contributory,0.5869686742996749,1.436882751195677,91.79175552288868,0.949295016459968,5.235098035156007
2019Q3,State Pension Non Contributory,0.5938193048272432,1.5068294401724458,91.64507637780588,0.9720811656683317,5.282193711526105
2019Q4,State Pension Non Contributory,0.6079817085844939,1.5786738723758056,91.48305965495739,1.0039492828933694,5.326335481188942
2020Q1,State Pension Non Contributory,0.6191854133607144,1.6511611022952386,91.28680626860408,1.0630905338270222,5.379756681912941
2020Q2,State Pension Non Contributory,0.6274542394714425,1.760819430304793,91.08890320167875,1.1073944027757578,5.415428725769255
2020Q3,State Pension Non Contributory,0.6289765119827291,1.8215408886628541,90.97948041973284,1.1302894745036172,5.439712705117959
2020Q4,State Pension Non Contributory,0.6326947610799373,1.8928982606080094,90.85081887297356,1.157520251418377,5.466067853920115
2021Q1,State Pension Non Contributory,0.6438368946533545,1.9574300436482017,90.71568535970887,1.19229054565436,5.49075715633521
2021Q2,State Pension Non Contributory,0.6539815016660957,2.046027840926785,90.5515243997384,1.2176512721497308,5.5308149855189805
2021Q3,State Pension Non Contributory,0.6602883708395094,2.1187275196168875,90.39938635680448,1.2573466151151098,5.564251137623998
2021Q4,State Pension Non Contributory,0.6736519188715812,2.176413891738955,90.3035579185192,1.2840841961259832,5.5622920747442715
2022Q1,State Pension Non Contributory,0.6844755128365165,2.211542462447468,90.19473224316565,1.325261099321766,5.583988682228602
2022Q2,State Pension Non Contributory,0.6897052417598374,2.2806944761351615,89.64301271546806,1.823311000020743,5.563276566616191
2022Q3,State Pension Non Contributory,0.6884909133437065,2.313614221354405,87.8756445068188,3.637713437268003,5.48453692121508
2022Q4,State Pension Non Contributory,0.688022564722474,2.3541855545482018,86.90238742822605,4.5723783620429135,5.483026090460361
2023Q1,State Pension Non Contributory,0.6912350199067683,2.4278254606566234,85.98523497989316,5.389832543064641,5.5058719964788025
2014Q1,Widow(er)'s Contributory Pension,0.2978987647690655,0.4716031149301826,96.93709720730398,0.3977577873254565,1.8956431256713213
2014Q2,Widow(er)'s Contributory Pension,0.3031397213801674,0.504673054153686,96.85608000873312,0.405585832206706,1.9305213835263295
2014Q3,Widow(er)'s Contributory Pension,0.3116204262163249,0.5185296877094223,96.79081222356253,0.41381852298619487,1.9652191395255327
2014Q4,Widow(er)'s Contributory Pension,0.31800350555045487,0.5333444620649361,96.73983807695518,0.4215007094566397,1.9873132459727902
2015Q1,Widow(er)'s Contributory Pension,0.3305330991016493,0.5719804510902596,96.65886819472313,0.43294007942785306,2.0056781756571116
2015Q2,Widow(er)'s Contributory Pension,0.3451200851573415,0.5962677133923225,96.56709467101324,0.4474086887099994,2.0441088417270974
2015Q3,Widow(er)'s Contributory Pension,0.3493978903338783,0.614143560206817,96.50851086785124,0.45396828031503905,2.073979401293021
2015Q4,Widow(er)'s Contributory Pension,0.3612167300380228,0.6414283352620268,96.4399074227145,0.46123326169614814,2.0962142502893037
2016Q1,Widow(er)'s Contributory Pension,0.3662187909830995,0.6623281287374524,96.38647629888072,0.47426983066505,2.110706950733675
2016Q2,Widow(er)'s Contributory Pension,0.3714532800724787,0.6844294362311082,96.33488448708974,0.4801713132644237,2.129061483342256
2016Q3,Widow(er)'s Contributory Pension,0.38001280388712877,0.7239120799750488,96.24255158489142,0.49163643526650136,2.1618870959799077
2016Q4,Widow(er)'s Contributory Pension,0.38702482862671783,0.7551903965364558,96.1814096887402,0.4952605857850372,2.1811145003115877
2017Q1,Widow(er)'s Contributory Pension,0.3894131861672599,0.783724651405806,96.10178623910133,0.5126865427946316,2.2123893805309733
2017Q2,Widow(er)'s Contributory Pension,0.3940709491223337,0.833108500322942,96.01922935419783,0.5216125841079853,2.2319786122489025
2017Q3,Widow(er)'s Contributory Pension,0.39439195865008536,0.8590069161488402,95.94666318273494,0.5340214098491838,2.26591653261695
2017Q4,Widow(er)'s Contributory Pension,0.3940991204164559,0.8812154245336901,95.90234827591834,0.5442321186703438,2.2781050604611695
2018Q1,Widow(er)'s Contributory Pension,0.40605660331205207,0.8977275506959222,95.85218887339677,0.5495625514705283,2.294464421124728
2018Q2,Widow(er)'s Contributory Pension,0.40687197801749797,0.9132196700993942,95.8171277610626,0.5626085467576625,2.3001720440628493
2018Q3,Widow(er)'s Contributory Pension,0.4137572244937774,0.9348149472845658,95.74618554857379,0.5820239150049992,2.32321836464286
2018Q4,Widow(er)'s Contributory Pension,0.41494451134181665,0.9519315260194616,95.6975949490676,0.588244866078693,2.3472841474924335
2019Q1,Widow(er)'s Contributory Pension,0.41959288150146207,0.9777000153904725,95.63720606222611,0.60508857621929,2.3604124646626654
2019Q2,Widow(er)'s Contributory Pension,0.4201171480508988,1.001009896990507,95.59361745102,0.6277519692991315,2.357503534639467
2019Q3,Widow(er)'s Contributory Pension,0.4247430989320975,1.0348579488212775,95.51883941164618,0.6359057021962522,2.385653838404191
2019Q4,Widow(er)'s Contributory Pension,0.4396685947546326,1.0898940761715756,95.4411610477827,0.63489758545302,2.3943786958380726
2020Q1,Widow(er)'s Contributory Pension,0.4589220555850252,1.1340438186172863,95.3440709842311,0.6510102714953947,2.411952870071209
2020Q2,Widow(er)'s Contributory Pension,0.46184173472261336,1.17311019028845,95.27296133885827,0.6605785090718912,2.4315082270587762
2020Q3,Widow(er)'s Contributory Pension,0.47273721277998426,1.2284735733466259,95.17454294029683,0.6713190011416443,2.452927272434918
2020Q4,Widow(er)'s Contributory Pension,0.47648509879231515,1.2462536057788884,95.13390597253581,0.6821852426217127,2.461170080271267
2021Q1,Widow(er)'s Contributory Pension,0.4872341448559935,1.2886060936322985,95.04030900902345,0.7020018271280433,2.4818489253602167
2021Q2,Widow(er)'s Contributory Pension,0.5005077035011553,1.3616048227834945,94.919766856156,0.7147825669808832,2.503338050578462
2021Q3,Widow(er)'s Contributory Pension,0.5061714595941047,1.4139269005381065,94.82890765963562,0.7265237038338097,2.5244702763983584
2021Q4,Widow(er)'s Contributory Pension,0.5178870209545056,1.4500836586726158,94.76854433909648,0.7322125727033703,2.531272408573022
2022Q1,Widow(er)'s Contributory Pension,0.5278890796921707,1.5216561724861668,94.64478789035171,0.7457228264326147,2.559944031037334
2022Q2,Widow(er)'s Contributory Pension,0.5382523840854863,1.5687797762962845,94.55564451561249,0.7570412765856249,2.5802820474201145
2022Q3,Widow(er)'s Contributory Pension,0.5465085930765033,1.6039354945863222,94.46373349994859,0.7774499956500763,2.6083724167385065
2022Q4,Widow(er)'s Contributory Pension,0.5567445056029819,1.642593718658443,94.40886368841261,0.7786525993255888,2.613145488000379
2023Q1,Widow(er)'s Contributory Pension,0.5634446563381613,1.7005784173115415,94.31039102271114,0.7967028637173162,2.628883039921827
2014Q1,Widows Non Contributory Pension,1.7304189435336976,11.293260473588344,75.22768670309654,2.3679417122040074,9.380692167577413
2014Q2,Widows Non Contributory Pension,1.2366498032602586,8.206857785272625,80.3822372119168,2.0236087689713322,8.150646430578977
2014Q3,Widows Non Contributory Pension,1.2561441835062808,8.574549426542873,80.44784270890224,1.9661387220098308,7.755324959038777
2014Q4,Widows Non Contributory Pension,1.2658227848101267,9.080902586681344,79.96697853604843,1.981287837094111,7.705008255365987
2015Q1,Widows Non Contributory Pension,1.2728278915329274,9.407858328721638,79.5240730492529,2.102933038184837,7.6923076923076925
2015Q2,Widows Non Contributory Pension,1.292134831460674,9.606741573033707,79.21348314606742,2.0786516853932584,7.808988764044944
2015Q3,Widows Non Contributory Pension,1.441753171856978,10.034602076124568,78.37370242214533,2.364475201845444,7.7854671280276815
2015Q4,Widows Non Contributory Pension,1.4043300175541251,10.23990637799883,78.17437097717963,2.4575775307197194,7.723815096547688
2016Q1,Widows Non Contributory Pension,1.3855421686746987,10.602409638554217,77.83132530120483,2.6506024096385543,7.530120481927711
2016Q2,Widows Non Contributory Pension,1.5253203172666259,10.67724222086638,77.73032336790726,2.5625381330079318,7.5045759609518
2016Q3,Widows Non Contributory Pension,1.4934660858742999,11.263223397635345,76.85127566894835,2.551337896701929,7.840696950840075
2016Q4,Widows Non Contributory Pension,1.3950538998097652,11.223842739378567,76.85478757133798,2.7901077996195305,7.736207989854154
2017Q1,Widows Non Contributory Pension,1.3435700575815739,11.64427383237364,76.26359564939219,2.815099168266155,7.933461292386436
2017Q2,Widows Non Contributory Pension,1.3548387096774193,11.935483870967742,76.19354838709678,2.7741935483870965,7.741935483870968
2017Q3,Widows Non Contributory Pension,1.5062213490504257,12.442698100851342,75.50753110674525,2.75049115913556,7.7930582842174205
2017Q4,Widows Non Contributory Pension,1.4483212639894667,12.639894667544437,74.9177090190915,2.699144173798552,8.294930875576037
2018Q1,Widows Non Contributory Pension,1.3157894736842104,13.026315789473683,74.40789473684211,2.9605263157894735,8.289473684210526
2018Q2,Widows Non Contributory Pension,1.277740416946873,13.248150638870209,74.10894418291862,2.9589778076664426,8.406186953597848
2018Q3,Widows Non Contributory Pension,1.402805611222445,13.159652638610556,73.27989311957248,3.6072144288577155,8.550434201736808
2018Q4,Widows Non Contributory Pension,1.4854827819041188,13.436866981769075,72.85617825793382,3.713706954760297,8.50776502363268
2019Q1,Widows Non Contributory Pension,1.4935505770536321,13.781398506449424,72.30142566191446,3.73387644263408,8.689748811948403
2019Q2,Widows Non Contributory Pension,1.397624039133473,13.836477987421384,72.04751921733053,3.843466107617051,8.874912648497554
2019Q3,Widows Non Contributory Pension,1.4094432699083863,13.601127554615926,71.59971811134602,4.157857646229739,9.231853417899929
2019Q4,Widows Non Contributory Pension,1.4367816091954022,13.433908045977011,71.91091954022988,4.310344827586207,8.908045977011495
2020Q1,Widows Non Contributory Pension,1.2968299711815563,13.400576368876079,71.90201729106627,4.178674351585014,9.221902017291066
2020Q2,Widows Non Contributory Pension,1.3254786450662739,13.475699558173785,71.35493372606774,4.565537555228277,9.278350515463918
2020Q3,Widows Non Contributory Pension,1.4136904761904763,13.541666666666666,70.90773809523809,4.6875,9.449404761904761
2020Q4,Widows Non Contributory Pension,1.2878787878787878,13.787878787878787,70.3030303030303,5.0,9.621212121212121
2021Q1,Widows Non Contributory Pension,1.2927756653992395,14.068441064638785,69.88593155893537,5.095057034220532,9.657794676806084
2021Q2,Widows Non Contributory Pension,1.3198757763975155,13.897515527950311,70.1863354037267,4.968944099378882,9.627329192546584
2021Q3,Widows Non Contributory Pension,1.4423076923076923,13.461538461538462,70.1923076923077,5.288461538461538,9.615384615384617
2021Q4,Widows Non Contributory Pension,1.3344453711426187,13.844870725604672,69.47456213511259,5.754795663052543,9.591326105087573
2022Q1,Widows Non Contributory Pension,1.3605442176870748,14.030612244897958,68.9625850340136,6.122448979591836,9.523809523809524
2022Q2,Widows Non Contributory Pension,1.3722126929674099,13.979416809605489,68.69639794168097,6.775300171526586,9.176672384219554
2022Q3,Widows Non Contributory Pension,1.471861471861472,13.679653679653681,68.57142857142857,7.705627705627706,8.571428571428571
2022Q4,Widows Non Contributory Pension,1.4035087719298245,13.596491228070176,68.33333333333333,8.157894736842106,8.508771929824562
2023Q1,Widows Non Contributory Pension,1.412180052956752,13.592233009708737,67.96116504854369,8.561341571050308,8.473080317740513
2018Q1,Working Family Payment,1.2114608037946286,20.461829369912184,71.39446189346836,3.387603358759054,3.5446445740657655
2018Q2,Working Family Payment,1.2344474262015126,20.439131495486702,71.29381149873953,3.491908595592421,3.5407009839798325
2018Q3,Working Family Payment,1.2652303989570624,20.38408183048921,71.26071768815497,3.5934548979625944,3.4965151844361615
2018Q4,Working Family Payment,1.2768427161926872,20.17855313918951,71.32395616400943,3.6820183674166125,3.5386296131917656
2019Q1,Working Family Payment,1.3180437990873777,20.170989465827553,71.20320265983614,3.804854879476175,3.5029091957727605
2019Q2,Working Family Payment,1.346882952755224,19.953949760227136,71.22379377802399,3.948894621124249,3.5264788878693976
2019Q3,Working Family Payment,1.378556937002549,19.86335813001786,71.21850560959962,4.061107354037698,3.478471969342281
2019Q4,Working Family Payment,1.3888646250065513,19.5960937090547,71.3649307314687,4.224244859453888,3.4258660750161596
2020Q1,Working Family Payment,1.4216602336832178,19.597603786436594,71.16335120596608,4.3819969610702625,3.4353878128438446
2020Q2,Working Family Payment,1.441247745203433,19.435890895177014,71.22059654173424,4.482262267004355,3.420002550880965
2020Q3,Working Family Payment,1.4615282543172898,19.20269937254753,71.27746289310561,4.612059977631604,3.446249502397968
2020Q4,Working Family Payment,1.4836852207293667,19.009596928982724,71.28982725527831,4.790786948176583,3.4261036468330133
2021Q1,Working Family Payment,1.4705297881642223,18.930090218989708,71.14780811573466,5.007750089424109,3.4438217876872934
2021Q2,Working Family Payment,1.4644522621287737,18.76585126401047,71.16706209604843,5.176716027161908,3.425918350650413
2021Q3,Working Family Payment,1.4704992435703481,18.620272314674736,71.05597579425114,5.412002017145738,3.4412506303580432
2021Q4,Working Family Payment,1.5283098337311218,18.297599229828116,71.1466335064883,5.589763132032331,3.4376942979201344
2022Q1,Working Family Payment,1.5769667283913744,18.172948649025347,71.05907651872649,5.78619357664815,3.404814527208649
2022Q2,Working Family Payment,1.6585833183641696,17.98694688940782,70.88996666866255,6.061513282637766,3.402989840927689
2022Q3,Working Family Payment,1.7454060520484007,17.697240689533448,70.87329136514286,6.3128787433076425,3.3711831499676417
2022Q4,Working Family Payment,1.8501152658930178,17.219552221310515,70.99011448442934,6.609229086078225,3.3309889422889074
2023Q1,Working Family Payment,1.9752220663861615,17.052360916316037,70.79827021972885,6.897693626305126,3.2764531712638303
